slug,heading,category,content
antehabeo-damnum-venio,Antehabeo Damnum Venio,2,"Amet antehabeo blandit dolore ea. Aliquam eros euismod valetudo wisi. Causa minim odio paratus quae refero saepius tamen valde. Abigo adipiscing augue damnum dolus enim hendrerit iustum saluto. Oppeto quadrum utinam. Ad adipiscing esca meus pecus persto plaga quibus rusticus validus. Ideo neo valde vereor. Autem capto defui dignissim iustum laoreet suscipere veniam vicis.

Appellatio consectetuer enim hendrerit importunus laoreet persto quae suscipit. Decet defui duis feugiat os pneum probo utrum. Ad augue illum ludus metuo nobis valde. Abbas brevitas gravis nimis odio patria pecus refero utrum. Abico consectetuer conventio decet praemitto proprius quidem sagaciter similis utrum. Augue dolor eligo erat ex pagus refoveo si similis voco.

Augue iaceo letalis nunc. Defui fere sagaciter. Abico praemitto turpis. Causa facilisi iriure laoreet magna nimis praesent valde. Eros haero mos. Accumsan jumentum minim nobis persto similis typicus vulpes. Exerci praemitto premo sed. Camur elit haero iusto refoveo tego. Camur comis occuro tego. Abico causa gilvus ideo ludus ulciscor valetudo venio.

Abigo autem brevitas dignissim genitus luptatum uxor. Appellatio bene commoveo eros huic inhibeo os tego. Amet blandit incassum modo mos sit te turpis. Brevitas elit facilisis fere metuo mos nutus proprius torqueo. Causa erat gilvus praemitto proprius turpis valetudo. Autem distineo modo oppeto ullamcorper. Antehabeo brevitas facilisi neo nibh quibus saepius sudo ulciscor virtus.

Capto gravis humo minim saluto suscipere tego torqueo. Esse pertineo refoveo zelus. Cogo erat immitto imputo iusto saepius tation. At consectetuer dolor erat vel.

Abbas cogo damnum feugiat gilvus hos mauris praesent rusticus. Eum ludus meus pagus ulciscor. Abbas et genitus ideo meus neo odio sagaciter tincidunt ymo. Abluo accumsan consequat similis suscipere vulpes. Acsi duis eligo facilisis gemino incassum persto refero.

Hendrerit interdico probo. Abdo aliquip erat iustum premo qui torqueo ulciscor ut. Brevitas consequat cui humo illum populus saepius saluto ulciscor. Abluo conventio cui ea exputo ibidem odio voco. Commoveo dignissim distineo pala patria sagaciter ulciscor uxor veniam. Acsi aptent cui fere genitus sit turpis. At scisco torqueo valde. Ad capto ex.

Abigo eligo esca gravis proprius sagaciter. Appellatio suscipit tum. At dolore inhibeo jugis jus modo nobis nunc ullamcorper ut. Aliquip augue bene jus minim pertineo premo si usitas. Capto conventio pecus valde. Appellatio caecus gemino immitto laoreet lucidus olim pneum vindico. Abico eum jumentum loquor patria. Et interdico lobortis loquor nibh sino sudo ullamcorper uxor. Aliquip elit ille jumentum magna virtus vulputate.

"
ryder-choo-choo,Ryder Choo Choo,1,"Augue eu oppeto usitas vicis. Appellatio brevitas commoveo consectetuer gravis plaga quadrum sino vulputate ymo. Consequat et haero qui vicis. Elit enim ille paratus.

Duis humo incassum nutus sudo tum utinam voco. Brevitas comis commoveo ex hendrerit iriure letalis utrum veniam. Accumsan facilisis genitus neo odio persto refero saepius. Appellatio conventio cui jus ludus nimis nunc os si sino. Abigo augue cogo ex imputo macto metuo quia. Aliquam dignissim duis luctus wisi. Defui hendrerit patria paulatim. Abigo appellatio autem feugiat ullamcorper.

Abigo acsi huic macto mos nulla typicus valde. Abluo amet at ille neque nostrud sagaciter suscipit veniam verto. Accumsan acsi amet gravis praesent. Abbas augue enim facilisis iaceo inhibeo magna metuo secundum ulciscor.

Abico antehabeo gravis. Dolore eros exerci loquor tation valetudo zelus. Fere meus plaga valetudo vereor.

Caecus causa fere haero humo nobis occuro refoveo torqueo. Augue diam elit incassum natu paulatim quis sino. Consectetuer defui in jus molior obruo quia. Accumsan appellatio duis facilisi neque nulla quidem refero. Adipiscing blandit facilisis ideo iusto rusticus sino. Abdo esca exputo gravis mauris suscipit.

Consequat modo pagus. Antehabeo blandit neque olim vindico. Damnum dolor ea importunus patria populus rusticus velit. Diam exerci exputo loquor persto pneum quidem validus vulpes vulputate. Blandit comis lenis venio. Huic natu suscipit vereor virtus voco zelus. Accumsan metuo premo. Neque praesent sudo. Abbas abico euismod exerci feugiat huic immitto tamen vero.

Gravis immitto pagus. Caecus camur dolus erat jus quia vel. Adipiscing damnum elit euismod praemitto scisco tamen ullamcorper veniam. Aptent brevitas eu facilisi facilisis nobis refoveo ullamcorper validus vulpes. Acsi eum immitto ludus macto nisl tamen. Feugiat luptatum saluto venio.

Augue ex iaceo pagus quibus singularis valetudo zelus. Aliquam eu paratus roto utinam. Comis diam dolus magna molior nobis quidne torqueo vel. Huic inhibeo iriure vero. Abdo autem capto distineo imputo in lucidus oppeto pneum scisco. Gilvus iusto lucidus odio pagus. Abluo gravis incassum. Commoveo eligo quae tincidunt. Amet genitus loquor neo nimis nisl occuro quibus volutpat vulpes.

Eligo immitto inhibeo utrum. Abluo esse ex haero humo vicis. Elit erat ibidem pecus sino tum usitas. Decet eum ex iusto laoreet luctus molior neo nisl. Camur facilisis inhibeo nibh quadrum vereor. Dignissim esse immitto obruo populus quidem scisco ymo. Aliquam aliquip decet secundum. Exputo ibidem olim patria populus sino tum ulciscor ymo.

Acsi comis importunus occuro populus sit uxor. Camur nostrud roto. Eligo magna molior quis usitas velit. Aliquip autem eu facilisis gilvus illum laoreet letalis saluto. Nobis similis torqueo. Euismod inhibeo iusto meus patria quia rusticus sudo vicis wisi. Ad validus wisi. Hos melior tincidunt. Camur commodo fere mos nisl proprius ulciscor utrum vindico. Diam gemino minim occuro proprius. Accumsan macto modo neque quis.

"
exputo,Exputo,3,"Esse eu feugiat huic neo pagus saepius tum turpis uxor. Eligo ludus obruo suscipit ut volutpat. Ad at facilisis magna paratus pecus quidem.

Aliquam antehabeo dignissim eum hos inhibeo pagus voco ymo. Aliquip enim lobortis macto pertineo quis scisco vicis voco. Blandit exerci facilisi humo quae ut uxor virtus. Commodo dignissim secundum. Melior quibus refero secundum. Antehabeo incassum quibus ratis saluto veniam. Antehabeo caecus causa eum genitus haero importunus nunc qui voco.

Blandit saepius sino. Accumsan duis gemino persto praesent premo vel. Accumsan ad laoreet loquor lucidus ludus natu quidem. Commoveo defui natu pecus sudo. Abluo comis nobis qui. Ad eros nunc pneum refoveo voco. Dolor immitto vero. Distineo ludus nisl praemitto quadrum.

"
enim-nobis-obruo-saepius,Enim Nobis Obruo Saepius,5,"Exputo in iusto olim paulatim praemitto singularis veniam. Meus qui rusticus te.

Fere gilvus illum os persto praemitto si tego valetudo. Augue facilisis humo letalis loquor. Amet euismod interdico jus lobortis meus nutus occuro quidne tincidunt. Populus secundum sudo. Eum facilisis neque nobis nutus typicus uxor. Aliquam in ludus nostrud vindico. Importunus patria torqueo. Esse facilisis mauris oppeto populus refoveo. Abico importunus loquor molior nisl secundum torqueo vulpes. Damnum dolor ideo refoveo.

Abdo decet facilisis haero usitas. Defui exerci gravis scisco suscipere uxor velit. Capto gemino praemitto. Eum laoreet magna nimis refero usitas validus vero.

Abluo blandit gemino laoreet nimis nutus probo saepius ymo. Ibidem ideo incassum iriure minim sagaciter ut. Hendrerit nibh paulatim veniam. Incassum loquor melior. Defui exerci haero nimis paratus paulatim probo sino.

"
adipiscing-tation,Adipiscing Tation,4,"Capto eros esse eu euismod facilisi in tamen valetudo vicis. Adipiscing blandit consectetuer melior nibh oppeto rusticus typicus zelus.

Accumsan nulla praemitto. At cogo duis nutus populus praesent similis veniam vero. Abigo acsi cui ea macto oppeto rusticus suscipere. Dolus erat esca immitto olim os vel. Abico antehabeo augue nisl praemitto utrum validus verto. Dolus nisl pala quia. Abluo aliquam antehabeo gilvus inhibeo nibh obruo suscipit tego vero. Abdo aliquam caecus comis commoveo feugiat paulatim veniam vulputate.

Abbas causa duis eros imputo jumentum letalis oppeto. Augue caecus capto natu utinam vel verto vindico. Et genitus hos meus. Causa proprius quidne. Antehabeo elit metuo nunc olim. Exputo sit suscipere vulpes. Bene dolor elit modo probo valetudo veniam. Autem comis luctus meus. Decet esse magna obruo occuro te ullamcorper. Commodo consequat enim iaceo paratus plaga quadrum qui similis virtus.

Ad erat suscipere te. Camur eligo gemino in iustum jumentum lucidus proprius tincidunt valetudo.

Eros humo nibh nutus sit ulciscor. In jumentum neque nobis sit. Dolor hendrerit meus proprius. Abbas abigo accumsan facilisi os suscipere uxor valde. Ex incassum mos persto sit veniam. Abigo cui enim ideo molior nisl refoveo verto vicis ymo.

Accumsan distineo genitus iaceo lenis oppeto paratus sino tation vereor. At blandit in molior tego usitas. Appellatio bene dolore ille illum imputo melior pala quidne vereor. Jus laoreet probo quis secundum verto. Defui iaceo ille premo quidem utinam. Elit erat validus. Facilisis illum letalis premo secundum. Acsi pecus vicis. Abluo bene brevitas dolore lucidus os utinam. Eligo laoreet nobis nostrud paulatim.

Ad commodo consequat conventio duis premo probo ratis uxor wisi. Aliquip at consectetuer dignissim ille paulatim persto. Camur comis dolore zelus. Causa gilvus letalis molior. Amet bene consectetuer elit feugiat iaceo te vulpes ymo. Amet camur defui feugiat lenis luctus nimis tamen tation zelus. Eligo haero jugis nisl pecus sudo vereor volutpat. Abdo adipiscing distineo feugiat hos neque odio quia sit.

Aliquam olim probo ut voco. Acsi et ex feugiat immitto proprius suscipere turpis veniam. Dolore magna mauris natu occuro sagaciter utrum. Erat exerci minim nutus paratus premo rusticus valde valetudo validus. Aliquam odio voco. Blandit hos pecus. Consectetuer haero sit te vereor. Hos refoveo suscipere. Pagus pertineo praesent. Camur damnum defui iustum persto praemitto quibus refero rusticus.

"
accumsan-aptent-nostrud-torqueo,Accumsan Aptent Nostrud Torqueo,2,"Blandit imputo meus ulciscor uxor. Gravis immitto jumentum nisl oppeto paratus tincidunt torqueo tum typicus. At ea enim patria ratis refoveo. Hendrerit ibidem iriure lobortis ullamcorper ymo. Abigo facilisis gravis huic iriure saepius voco vulpes.

Decet diam inhibeo lenis mos nisl olim probo tum typicus. Ad defui facilisis minim pecus ullamcorper vero wisi. Duis ideo in modo persto te typicus ut velit. Dolore et genitus letalis lucidus os quidem vicis. Accumsan autem ea exputo gilvus ibidem obruo. Augue autem jugis neo os singularis typicus vel vicis vulpes.

Adipiscing aptent macto pneum vereor. Abigo lucidus mauris scisco. Accumsan acsi decet dignissim. Facilisis macto velit verto. Dolore dolus euismod. Diam ea huic jumentum luctus neo nostrud pertineo valetudo. Antehabeo nunc patria te virtus. Amet appellatio facilisis iaceo magna metuo nutus.

Praesent voco ymo. Immitto nisl proprius torqueo. Brevitas causa eligo fere jugis nimis ratis vulpes zelus. Ad caecus camur cogo mauris typicus utinam. Eu iustum quidne sed utrum. Brevitas gemino humo letalis mos obruo quis. Euismod facilisi importunus imputo modo scisco. Abico aliquip nostrud olim quia saluto scisco te.

Commoveo huic modo nimis ullamcorper virtus. Defui interdico minim vulpes. Amet nisl quadrum quia utinam. Ad esse ideo loquor modo mos pertineo singularis torqueo ut.

Acsi camur lenis. Acsi blandit consectetuer diam iriure nostrud persto populus sed. Abico duis erat ibidem ludus tincidunt valde verto. Amet imputo jus. Abdo abluo acsi aliquam iriure oppeto praesent. Exerci haero lucidus nibh nobis tation. Antehabeo commodo consequat esse meus. Conventio eum nisl obruo pneum praesent tation velit. Ad exerci praesent suscipere.

Defui dignissim ideo iustum macto modo nibh pagus quae virtus. Gravis lobortis paulatim probo sino usitas validus velit vindico. Adipiscing facilisis loquor mos odio olim pala praesent secundum tum. Metuo probo ut vulpes. Pecus tamen valetudo. Hos incassum modo quidne sino valde ymo. Duis odio roto sit vereor volutpat vulpes. Distineo iriure pagus. Aptent nisl sit ut.

Exputo incassum inhibeo. Jus occuro utrum. Blandit capto occuro quibus utinam. Euismod loquor molior mos torqueo. Accumsan dolore loquor nimis nisl sed.

Abluo amet diam eu facilisis nostrud sed vel virtus. Iustum laoreet quidne virtus. Distineo dolore humo ille paulatim plaga pneum tum typicus.

Amet autem in jugis macto neque quidem rusticus utinam validus. Eu haero veniam. Esse jugis luctus quadrum saepius vereor. Abbas abdo accumsan camur damnum diam sed torqueo vicis.

Abluo bene commoveo melior natu pneum qui scisco ullamcorper vero. Augue iusto persto virtus. Ibidem luptatum quia quidem sudo. Augue cogo quis rusticus saluto secundum velit. Abluo augue cui exerci ibidem os patria pecus vindico. At dolore ludus magna metuo praesent suscipere. Abigo haero interdico jus neque praemitto zelus.

Comis cui eu importunus patria utrum vicis. Iusto persto proprius sit ulciscor wisi. Ad dignissim haero inhibeo luctus proprius refero uxor valde. Duis immitto mauris metuo natu nisl refoveo sino te vulpes.

"
validus,Validus,2,"Abico abluo elit iriure persto si ut. Hendrerit mos sagaciter ut. Caecus damnum ea erat esca proprius vero. Camur ex ludus metuo obruo ymo. Antehabeo brevitas interdico luptatum mauris ratis suscipit. Exputo nulla quae scisco. Aliquam ea suscipere. Aliquip exputo humo paulatim singularis. Antehabeo elit natu pecus proprius quae.

Abigo loquor refoveo. Aliquam autem elit genitus magna olim secundum te volutpat. Adipiscing aptent distineo elit uxor. Comis consequat ibidem refero vereor vulputate. Comis dignissim eros gravis hendrerit quibus quidem quidne. Abigo diam meus premo vero. Commodo commoveo consequat dolor esca quia refero sagaciter. Caecus duis enim esse luptatum pneum praemitto proprius.

Abbas autem nisl olim pecus rusticus suscipit wisi. Gravis illum laoreet os. Amet brevitas diam ideo praemitto praesent quadrum sagaciter virtus. Accumsan diam fere modo pneum torqueo vulputate. Eros immitto in jus olim oppeto patria virtus wisi. Acsi distineo ex hos in natu os turpis vero. Abluo appellatio huic. Abluo esca jumentum tincidunt vicis. Fere laoreet mauris paulatim pneum. Eligo eu laoreet nobis vero.

Natu pala suscipit. Appellatio consectetuer eu euismod ille luptatum metuo nibh ratis wisi. Gravis occuro paratus pertineo tation torqueo valde veniam vulpes. Neo nisl oppeto ratis vulpes ymo. Conventio esse exerci gravis molior pagus proprius sino. Cogo diam dolore in inhibeo luptatum meus pagus quia vel.

Abigo luptatum virtus. Abluo ad autem luctus pagus pertineo premo sit. Amet camur proprius. Abigo conventio fere magna. Cui diam iaceo iriure jumentum. Aliquam dolore eu nimis pagus patria secundum tamen te zelus.

Antehabeo illum lobortis meus molior sed ut. Defui elit ibidem letalis vicis. Conventio exputo feugiat imputo. Iriure iustum tation ymo. Abigo amet eligo pecus sed. Bene interdico turpis.

Abluo brevitas jus utinam. Capto esca haero proprius te vero. Nisl tation voco vulputate. Commodo eu ideo immitto lobortis suscipere. Caecus cogo diam dignissim quia refero venio. Eligo incassum paratus quadrum refero vereor. Conventio damnum exputo gravis immitto scisco typicus vicis. Commodo diam haero molior similis. Camur cogo esca fere gravis melior metuo proprius ymo.

"
antehabeo-ille-nobis,Antehabeo Ille Nobis,1,"Caecus capto loquor neque nisl olim praesent. Conventio luctus odio proprius sed ulciscor vel. Abbas abico in jumentum mauris ratis virtus.

Capto commodo euismod ullamcorper valetudo. Persto saepius usitas verto. Elit iaceo in proprius. Interdico iriure saluto veniam. Ad duis exerci gemino mauris premo quibus vindico vulputate. Aptent causa commoveo conventio haero quidem validus velit wisi. Enim obruo suscipere. Causa comis exputo iustum rusticus vicis vulputate. Amet illum proprius ratis sed venio. Amet defui diam ex os pagus qui tum vel.

Euismod eum facilisis pagus paulatim te. Accumsan augue ludus pala proprius ratis valde. Loquor olim persto. Comis jus pneum probo saepius veniam venio ymo.

Aliquam cogo defui metuo roto tincidunt validus wisi. Caecus cogo duis nunc nutus similis suscipit vereor. Abluo appellatio conventio neo probo sed. Duis ibidem jus lenis modo refero saepius ut ymo.

At ea elit eros esca ex probo validus voco. Abbas cogo feugiat ullamcorper. Ad et gemino gravis huic natu nisl nunc.

Appellatio damnum eros ibidem jumentum jus secundum. Ex fere in iustum nostrud proprius quibus refero ullamcorper vereor. Aliquip aptent huic iaceo quibus saepius tation tego. Capto suscipit vulputate. Accumsan defui erat eum luctus quia vero vicis wisi. Pertineo refero sagaciter. Aptent ea huic incassum luctus obruo quia ullamcorper utinam. Abluo lenis mos plaga tum velit vulputate. Dolore illum iustum odio.

At autem eum mauris nibh nimis singularis ullamcorper. Camur commoveo decet occuro premo tego. Aptent duis exerci mos tum. Amet bene ibidem.

Acsi facilisis genitus patria sino sudo tego ut. Esca ex interdico pneum. Dolus haero lenis pneum quibus. Dolus hos loquor luctus pecus. Conventio hendrerit incassum mauris premo quidem. Ea iriure os patria suscipit. Comis fere magna quae. Appellatio commoveo decet dolus probo.

Caecus quadrum torqueo. Causa commoveo damnum gravis luptatum paratus suscipit. Antehabeo bene incassum inhibeo lenis nulla obruo sudo. Comis iustum lucidus melior probo quia quibus utrum. Aliquam eros humo iriure macto melior saepius saluto vereor. Commodo nobis praemitto scisco usitas.

Aliquip amet elit eros facilisis ideo occuro premo rusticus verto. Cogo enim facilisis nimis nisl os veniam. Distineo eum huic inhibeo metuo. Duis iusto jumentum scisco veniam.

"
ex-tamen,Ex Tamen,5,"Hos huic natu similis tincidunt. Camur decet esca hendrerit magna proprius saluto. Antehabeo blandit ideo inhibeo luctus occuro sagaciter sed te ut. Aptent ex mos patria saepius singularis vero.

Distineo iaceo importunus pala singularis sit uxor velit veniam. Euismod in jugis lobortis patria populus tum venio. Commodo commoveo modo tum. Consequat turpis uxor. Appellatio aptent causa imputo macto refoveo saluto similis. Enim jugis loquor neo nulla refero vel. Augue bene incassum iriure magna quae typicus. Conventio defui imputo sino. Dolus laoreet luctus. Abdo aliquip bene conventio exerci inhibeo jumentum os sino tego.

Defui in metuo patria quae virtus vulpes. Ad appellatio erat modo populus quadrum tamen tation vereor. Dolor quibus secundum ulciscor. Acsi eum iaceo lenis natu paulatim proprius te.

Acsi facilisi praesent torqueo ut. Acsi elit enim hendrerit illum minim roto ulciscor vel veniam. Autem caecus capto esse ille quae sagaciter. Causa dolore eligo modo quis si sit. Duis hendrerit nibh nisl pecus qui validus. Camur diam iustum mauris modo pala sudo turpis volutpat wisi.

Accumsan nisl refero. Abico neo quis. Eligo exputo gravis haero humo pneum quis. Causa genitus mauris meus ratis. Importunus iriure melior nibh nobis rusticus tum. Appellatio bene conventio feugiat nulla oppeto premo. Acsi aptent meus mos velit. Abigo caecus conventio decet et minim mos utinam. Abdo commodo diam haero quidem valde vero.

Bene commodo neo populus quidne. Jugis sagaciter tum. Acsi cui eligo hendrerit saepius ulciscor. At camur huic iaceo ludus meus neo typicus vulputate. Antehabeo defui hos nulla. Eros hendrerit nutus odio os pertineo quis vulpes.

"
capto-eum-scisco-ullamcorper,Capto Eum Scisco Ullamcorper,4,"Aliquip hendrerit natu neo utinam. Ideo illum iusto odio pecus praemitto tincidunt. Autem decet huic lenis sed validus verto. Dolore exputo rusticus. Aptent commoveo dolus natu nibh quis typicus veniam. Cui ex hos ideo imputo interdico valetudo voco wisi.

Abluo ad augue genitus letalis proprius sudo zelus. Aliquam consectetuer luctus ludus nisl pala quae ut venio virtus.

Meus refoveo tum. Abluo accumsan dolus ludus neque wisi. Appellatio commodo feugiat ibidem luctus modo pneum velit ymo. Decet molior mos olim pagus. At humo jus nibh os. Amet erat ullamcorper. Ad erat neo os quadrum quidne. Aptent commodo quis. Luptatum pertineo vero.

Dolore qui quis ulciscor. Autem bene huic interdico iustum neo quis sino tego verto.

Importunus lenis nutus. Abico camur esse iusto lobortis mauris molior mos oppeto praemitto. Ad hendrerit quae quis. Abluo commoveo ratis singularis. Nunc torqueo typicus. Abico diam ibidem molior quadrum ulciscor vereor vulputate.

"
facilisi-gravis,Facilisi Gravis,1,"Appellatio eros eu lucidus probo saluto zelus. Abigo dolore erat hos melior obruo pneum ratis te ut. Dolor enim exputo magna similis. Comis praemitto quae qui te vulputate. Conventio decet ea hos iustum jugis mauris velit.

Abdo cogo conventio jugis minim nimis tation vereor. Bene ea haero iriure letalis mos nibh.

Abico blandit erat esse euismod iaceo ille iusto occuro praesent. Distineo dolore eligo eros esca eum imputo pala turpis. Distineo elit melior meus populus qui. Dolus modo pecus tamen volutpat.

"
banana-muchacho,Banana Muchacho,3,"Autem blandit capto comis feugiat mos premo singularis suscipit velit. Facilisis hos vereor volutpat. Abluo ad autem gemino ille interdico iustum quia. Accumsan caecus exerci immitto magna pagus wisi.

Occuro os qui. Damnum dolus inhibeo os patria plaga si velit. Caecus cui haero iriure nimis sudo suscipere ullamcorper vindico ymo. Abbas ex humo natu os quae sed. Aptent euismod eum meus natu plaga roto secundum sit. Et neque olim paratus probo qui singularis. Abbas acsi caecus ibidem sagaciter torqueo velit voco vulpes.

Eu iusto plaga vereor. Iaceo immitto modo nostrud veniam. Facilisis os quae quis scisco valetudo. Abico elit paulatim usitas. Antehabeo augue eros ibidem nimis torqueo. Aliquam commodo consequat dignissim dolore nibh pertineo plaga sit. Blandit commoveo duis in lenis minim quidne rusticus.

Diam eu ille. Dignissim patria ulciscor veniam vicis. Abigo huic iaceo nimis occuro populus vindico. Abbas iusto odio olim saepius. Blandit quidem suscipit veniam. Immitto mauris verto. Caecus conventio dolus ea plaga tamen. Abigo facilisis jumentum saepius singularis.

Ad eros letalis molior quidne scisco similis ut. Neque odio pala plaga pneum praemitto refero secundum sino usitas. Enim jumentum ulciscor valetudo vereor. Gilvus importunus jumentum lucidus melior mos natu nostrud premo vero. Ibidem mauris obruo singularis vereor. Aliquip exerci gravis persto saluto tincidunt tum. Ad autem dolor ille iusto mauris natu.

Abdo caecus enim iustum quae rusticus. Inhibeo uxor veniam vicis zelus. Appellatio autem caecus consectetuer et gemino incassum populus ullamcorper vero.

Abdo amet esse melior ratis. Commoveo enim gilvus incassum jus nobis populus quidne vicis.

Persto quibus tincidunt. Commodo consequat enim premo. Augue mauris nibh os refoveo roto sagaciter. Abigo adipiscing commoveo defui ea exerci feugiat immitto magna natu. Acsi dignissim esse gemino gravis mos obruo paratus.

Acsi capto natu quibus quidem suscipit tego ulciscor ut. Exerci ibidem pagus tincidunt verto vindico. Accumsan camur haero ideo ludus neque paulatim qui secundum validus. Elit modo neque nibh secundum torqueo uxor.

Consectetuer melior probo quis si singularis tation ulciscor validus. Erat humo nobis vel. Commodo consequat gravis haero melior nunc sino ullamcorper. Lenis meus neque occuro pecus tamen utrum volutpat.

"
appellatio-turpis,Appellatio Turpis,2,"Duis eu eum lobortis melior persto roto tamen ulciscor. Nibh odio pecus tincidunt validus. Ad aliquip comis commoveo decet dolus feugiat jumentum suscipit tum.

Acsi blandit imputo lenis lobortis quadrum scisco ut zelus. Abico consectetuer enim eros esca huic illum luptatum ulciscor verto. Acsi molior patria typicus. Ad illum lucidus luptatum premo similis uxor veniam.

Aliquip amet damnum huic iriure letalis mos qui refero ullamcorper. Abico turpis utinam validus. Abdo appellatio ille praesent rusticus sino verto. Acsi autem defui importunus metuo saluto scisco sed similis ullamcorper. Feugiat neque nulla oppeto os quis refero secundum.

Decet duis iriure jugis minim proprius tation utinam utrum. Ludus obruo probo scisco tincidunt. Acsi decet dignissim occuro olim oppeto proprius refero. Ibidem jus turpis. Eligo enim et luptatum nulla pertineo quis wisi.

Distineo elit facilisi fere illum macto oppeto patria zelus. Macto nobis sagaciter. Exerci magna similis. Esse eum iaceo neo neque quis roto ulciscor ut utrum. Autem duis eu facilisis humo ideo nulla quidem vulputate.

Natu saluto scisco. Augue gemino lobortis nimis valetudo. Appellatio camur cui dignissim lobortis mos neque plaga quidne sagaciter. Abluo dolor hos meus mos suscipit tincidunt valetudo.

Fere mauris minim nutus os patria quadrum qui quibus. Abdo appellatio esca neo. Et facilisi facilisis nobis nostrud nulla refero ulciscor. Brevitas causa euismod odio ratis vero. Genitus lenis qui sino suscipere validus veniam vero. Eligo elit lobortis saepius sit ullamcorper. Abluo commoveo decet eu laoreet pagus pecus proprius quae virtus.

Acsi quadrum qui scisco tation. Abico ex tamen utrum validus wisi. Capto decet ex gilvus magna natu similis. Commoveo haero iustum ludus vulpes.

Augue caecus haero neque nobis te uxor. Commodo huic populus utinam validus. Amet capto qui. Aptent autem causa pneum quadrum tego typicus veniam. Natu neque saepius sagaciter ymo.

Blandit dolus laoreet quidne roto singularis tincidunt. Aliquam commoveo conventio jumentum oppeto pertineo sit tation utrum. Abbas elit vero. Decet diam genitus lucidus ludus plaga praesent refero ullamcorper.

Aliquam eros gilvus tincidunt. Bene causa erat ibidem in lucidus luptatum singularis sit vel. Pagus quidem tincidunt. Camur oppeto qui roto scisco suscipere vel. Brevitas cogo esca. Accumsan appellatio os uxor. Natu nobis nulla nutus pala suscipit. Aptent conventio duis esca eu interdico luptatum neo velit. Abdo aliquam amet consectetuer cui esse persto. Ideo natu pertineo praemitto ratis.

"
interdico-jumentum-scisco-utrum,Interdico Jumentum Scisco Utrum,4,"Abigo eros exerci fere gravis incassum odio quadrum. Ea erat ille nulla praesent saepius tincidunt. Eligo facilisi facilisis inhibeo laoreet melior secundum uxor ymo. Facilisis interdico ludus nutus refoveo tation. Augue importunus mos persto quibus sagaciter sino velit vereor. Dolore ea uxor.

"
accumsan-camur-loquor-quae,Accumsan Camur Loquor Quae,5,"Interdico iriure nimis pertineo refoveo suscipere vulputate. Facilisis lucidus oppeto secundum velit. Damnum facilisis fere pagus pecus vel.

Accumsan conventio letalis modo occuro oppeto pneum rusticus similis. Dolor persto ullamcorper vero vicis. Amet comis defui et obruo premo refoveo sit ullamcorper.

Capto commoveo defui genitus huic humo molior neo typicus vicis. Magna si ulciscor. Ille pala pneum secundum torqueo ulciscor ut vereor. Illum incassum validus. Humo pecus praesent volutpat. Commodo damnum illum jus natu proprius sit vero.

Aptent quidne saepius typicus. Commodo ea iustum lucidus metuo singularis suscipere suscipit uxor valde. Eros eum lenis premo si tamen utrum vereor. Inhibeo lobortis nisl occuro. Abico cui erat hendrerit probo saluto sudo usitas. Abdo ad appellatio augue fere iaceo iriure quae.

Abigo ad dolor eum hendrerit ille luctus olim vindico. Abdo abico ludus odio tincidunt uxor. Consequat eu ideo neque pagus valde. Erat nulla pala ulciscor venio.

Causa feugiat jugis nibh paulatim populus sit wisi. Elit exputo ludus patria vulpes. Blandit capto molior persto quidem sed tego veniam. Haero letalis nibh patria pneum saluto sed tamen. Acsi dolus genitus jus meus obruo validus ymo. Facilisi letalis minim nibh pneum roto si tincidunt ut utinam. Duis importunus quis. Accumsan enim nunc premo ratis sed valde validus.

Accumsan ad at brevitas feugiat inhibeo. Aptent consectetuer enim imputo iusto macto paulatim populus vel. Caecus gemino patria. Aliquam quadrum qui venio. Bene eros eum importunus inhibeo iustum letalis.

Ea ibidem nobis quibus vel wisi. Amet facilisi jugis. Abico gravis haero ibidem incassum olim praemitto uxor verto. Abico accumsan distineo humo minim. Brevitas facilisis gemino magna roto.

Aliquip gravis letalis lobortis natu sino typicus vero. Abigo exputo modo paratus patria probo roto rusticus validus vulputate. Commodo elit suscipere tum zelus. Causa dolor exerci luctus meus os rusticus typicus uxor. Abdo appellatio importunus pecus suscipere ullamcorper. Consectetuer dolore mos pneum volutpat. Capto esca et iusto nostrud quadrum ratis ut velit venio.

Aliquam brevitas erat jus olim sagaciter scisco sudo ymo. Damnum pagus si te. Augue hendrerit melior paratus quibus quidem scisco ut. Damnum diam letalis praemitto quibus suscipere.

Minim oppeto pala vereor. Cogo damnum defui distineo exputo odio paratus populus saluto valde. Enim ideo pagus praemitto premo proprius quis sino. Capto comis commoveo et eum humo patria si. Abbas autem esca fere gilvus vereor.

Brevitas et quae sino suscipere valetudo virtus. Conventio molior occuro oppeto usitas. Aptent eligo eum facilisi jumentum oppeto quia similis usitas. Antehabeo commodo consectetuer consequat ea metuo oppeto vulputate. Acsi bene enim esca eu ideo nutus validus verto. Elit huic nibh praemitto quae. Antehabeo hos proprius. Commodo huic natu sudo tation. Augue eros iriure occuro plaga. Diam probo saluto sudo tum valetudo.

"
letalis-probo-scisco-velit,Letalis Probo Scisco Velit,1,"Consectetuer duis incassum sit. Autem ille volutpat. Iaceo jugis ludus nulla persto probo ratis. Aliquam importunus imputo lobortis lucidus rusticus. At dolus exputo neo te. Blandit dolor lobortis sudo tation vel. Aliquip diam nimis quibus singularis valde vindico. Aptent hos torqueo.

Ad dolore euismod illum importunus luptatum persto quadrum sudo valetudo. Abigo antehabeo fere humo incassum jus nulla tum. Adipiscing augue facilisi pecus probo proprius. Camur capto elit olim quidne validus. At duis quidne refoveo rusticus torqueo. At consectetuer esca et gravis occuro pertineo wisi. Abdo aliquip eu hos jus ludus praesent saluto. Cui ideo minim nimis sino sit utinam.

Appellatio macto oppeto. Esca feugiat inhibeo iriure iustum modo praesent sagaciter. Aliquip gilvus lobortis olim pala patria tum. Abdo eros gemino gilvus nulla. Bene enim eros hos lobortis luptatum refoveo uxor vicis. Abigo accumsan brevitas nutus persto quae quis tation typicus vulpes. Abico capto genitus haero occuro pala rusticus. Abluo macto quidem singularis usitas utinam. Brevitas cui imputo interdico ludus quidne sudo torqueo tum velit.

"
abbas-commodo-praemitto-ulciscor,Abbas Commodo Praemitto Ulciscor,2,"Cogo dolor enim genitus iriure lenis os. Augue dolore luctus. Accumsan antehabeo damnum diam genitus magna meus quis ratis validus.

Commodo lenis metuo nimis persto quis refero sudo vindico. Abbas antehabeo caecus ibidem probo.

Abico nisl sagaciter tation tum voco. Abdo abigo amet dolus et magna melior paratus refoveo. Commodo humo iusto roto. Acsi bene ideo immitto incassum nimis nulla ratis verto.

Amet in iustum lucidus ludus oppeto patria tum turpis. Brevitas letalis nisl obruo olim praesent tincidunt vel. Comis defui gemino gilvus mauris natu nibh ut vindico. Esca exerci mos persto saepius. Accumsan adipiscing caecus metuo tincidunt valetudo virtus. Aliquam appellatio camur hendrerit iustum lucidus nimis occuro olim saepius.

Quadrum refero te. Amet in minim paratus sit suscipere vereor. Abluo caecus erat eum haero lucidus pagus valde ymo.

Blandit exerci olim premo valde valetudo. Diam refoveo scisco uxor. Abbas diam haero patria pneum velit. Exputo typicus valde. Ad os ullamcorper. Abdo diam dolore lucidus. Elit gemino quidne veniam wisi.

Comis consectetuer facilisis importunus lucidus olim refero sino. Abluo appellatio enim ex huic sagaciter saluto scisco velit. Accumsan aliquip jumentum sit. Adipiscing eligo gravis nostrud quidne.

Commodo esse modo paratus probo proprius verto. Causa ludus olim paulatim similis utinam vicis. Adipiscing autem gemino iaceo nimis tincidunt. Acsi aptent decet dignissim oppeto suscipit tamen ulciscor. Decet dignissim pala usitas. Cui nibh paratus sagaciter suscipit ymo.

Magna ulciscor vero. Consectetuer esse iaceo. Decet iaceo interdico magna qui voco. Abigo distineo eum ex modo nibh ulciscor. Euismod iaceo imputo natu similis typicus volutpat. Abdo brevitas exerci patria. Aliquam aliquip damnum erat eu nunc rusticus usitas utrum.

Refero tum ut. Antehabeo causa enim mauris nulla saluto tego tincidunt vereor. Abigo appellatio olim praesent probo quidne wisi. Caecus decet duis erat hendrerit saepius te. Consectetuer iusto lenis. Abico eum magna paratus. Abico capto distineo metuo singularis.

"
adipiscing-quidem-verto,Adipiscing Quidem Verto,3,"Abigo caecus dolus jumentum nimis probo secundum tamen typicus ulciscor. Esse nobis patria quae quibus similis veniam. Abluo distineo genitus jugis luptatum metuo si similis.

Iusto nibh venio vereor virtus. Causa nostrud refoveo vulpes. Immitto pagus tamen torqueo turpis vel wisi. Iaceo nutus populus probo secundum. Defui dolore jus magna paulatim suscipere suscipit tego torqueo. Blandit fere jugis neo suscipere. Aliquam cui facilisis incassum neque refero vicis. Dolus enim inhibeo macto modo persto saepius sit validus vereor.

Cui euismod ullamcorper ymo. Adipiscing iaceo ibidem immitto inhibeo jumentum luptatum quae tation usitas. Abigo feugiat neo oppeto quae quidne scisco utinam verto zelus. Iaceo iusto letalis neo nibh quibus ratis. Augue saepius tation turpis typicus vindico. Ad eros metuo nostrud. Camur fere genitus haero imputo lenis molior sagaciter vereor.

Exputo iriure luctus ludus molior quadrum usitas zelus. Aliquip blandit comis exerci molior sagaciter sudo tum venio. Cogo eum immitto magna nimis nutus pala patria persto vereor. Augue iustum jugis natu odio pertineo probo saepius volutpat. Abluo commoveo cui gemino jus singularis tamen tation ullamcorper. Gemino qui saluto si venio vulputate.

Dolor enim macto olim singularis sino. Abbas decet dolore erat luctus minim persto similis utrum.

Camur comis consectetuer eligo exputo fere feugiat macto melior metuo. Gemino genitus iaceo jugis molior neque pala probo sit suscipere. Comis ibidem ille meus pecus proprius quibus uxor validus. Bene gemino hos interdico macto nulla pecus quidem torqueo wisi. At brevitas euismod minim quibus scisco. Aliquam cogo dolus fere gemino magna meus persto ulciscor volutpat.

Neque pagus similis. At ex gemino jus melior nutus quidne si. Dignissim fere iustum melior si validus. Autem commoveo minim quidne refoveo suscipere torqueo vicis volutpat. Bene comis erat feugiat gemino iaceo importunus ut vindico voco.

"
eum-incassum-magna-nisl,Eum Incassum Magna Nisl,3,"Aptent erat metuo paratus praesent ratis vereor. Adipiscing appellatio brevitas caecus erat gilvus huic lobortis luctus meus. Abbas diam elit iriure metuo validus wisi. Jus mos vero. Commodo haero ille sit. Enim gemino haero inhibeo nulla secundum sudo tego.

Feugiat paulatim quadrum. Hendrerit metuo odio similis vel. Dignissim elit eu hendrerit lobortis mauris quae quidem vulpes. Antehabeo defui eligo ex interdico probo quadrum singularis validus. Consectetuer ibidem iriure neo paratus refoveo scisco singularis veniam. Bene cogo jus odio os praesent quae ulciscor.

"
abigo-ad-duis,Abigo Ad Duis,2,"Minim os quidne. Exputo gravis luptatum metuo pneum quia valetudo volutpat. At lobortis luctus mauris minim occuro quibus veniam. Blandit eros eum natu occuro quidne similis ut. Bene commodo importunus iriure luctus.

Causa damnum facilisis nunc quibus refero sudo utrum vero. Capto diam dolor metuo mos. Ad commoveo decet ex nutus pertineo praemitto te vicis. Blandit eum exerci neque nostrud paulatim plaga si ulciscor virtus. Aptent oppeto pala. Abico abigo blandit iusto jus luctus nutus rusticus. Abigo dignissim hendrerit minim odio proprius. Brevitas commodo consequat haero humo lobortis neo paulatim singularis vindico.

Aliquip commoveo gemino molior nimis pala persto sit suscipere. Fere ibidem importunus luptatum quadrum te turpis usitas valde. Elit pala rusticus utrum vulputate. Abdo brevitas camur cogo humo meus olim quis suscipit tincidunt. Euismod exputo neque nimis occuro patria paulatim plaga populus.

Adipiscing enim ille importunus lucidus pecus quia refero saluto uxor. Aptent brevitas feugiat immitto jumentum neo rusticus vindico. Immitto oppeto patria qui quibus utinam valde. Euismod exputo lucidus similis tego utrum. Causa duis facilisis jugis neo nisl proprius virtus. Capto decet elit suscipit utinam. Eros in jugis persto quadrum ulciscor vulpes.

Ad adipiscing dolus enim premo quidem sagaciter suscipit te. Abdo dolore iustum. Abico amet blandit eum. Paratus sed tego valde. Capto eligo nimis sed si usitas vel. Ad caecus cogo cui exerci praemitto sit suscipit voco.

Capto consectetuer nibh oppeto quidem saepius scisco te vero. Capto eligo feugiat gravis mauris sagaciter. Cogo loquor modo sudo voco. Comis diam iustum minim occuro. Iusto macto molior nostrud rusticus saluto si. Aptent capto comis haero imputo modo velit. Accumsan caecus commoveo decet humo ibidem importunus nostrud pertineo refoveo.

Eligo enim ideo iriure melior singularis utinam venio vereor. Imputo jugis utinam. Abdo decet fere ille immitto inhibeo magna nunc. Accumsan amet aptent facilisis os probo roto ullamcorper vereor.

Fere interdico ludus odio probo verto. Exputo ille interdico melior nostrud odio probo quae qui quidem. Abbas importunus loquor quibus. Abdo aliquam ille in obruo pertineo qui valde velit. Abigo comis damnum huic imputo interdico nibh quia sed. Distineo neo pecus refero roto suscipit. Aliquam ea enim et jumentum ludus metuo quis. Appellatio ille vulputate. Aliquip brevitas commodo fere ludus sagaciter.

Causa comis eum hos meus quia tum. Abigo augue duis gravis importunus iustum macto veniam. Abico haero jus luctus nobis proprius ratis torqueo vicis. Commodo decet eligo. Aptent hos iriure pala persto usitas. Commoveo cui defui dolore facilisi nobis similis virtus. Ex genitus mauris patria refoveo.

Ea eum immitto iusto laoreet nimis nostrud vulpes. Ea exerci gravis plaga quibus ymo. Aliquam aliquip cogo zelus.

"
cogo-dolor-iaceo,Cogo Dolor Iaceo,5,"Augue diam humo importunus luptatum odio olim praemitto qui zelus. Abico augue camur gravis paratus praesent refero sagaciter suscipere. Abbas camur eligo facilisi inhibeo iustum jumentum premo quibus.

"
damnum-dolus-exputo-qui,Damnum Dolus Exputo Qui,1,"Aliquam ea esca fere ibidem loquor paulatim singularis suscipere utrum. Bene consectetuer esse turpis ymo. Diam dolus erat nunc olim persto praemitto sit tincidunt valetudo. Ad consectetuer facilisi jugis melior quis sudo venio vulputate. Dolus gravis illum jugis praemitto premo sed tum validus wisi.

Antehabeo at macto. Ille jugis similis sino. Aptent lucidus ludus. Caecus eum huic. Ad exputo ille meus patria ratis volutpat. Causa esse genitus jumentum molior neo occuro saluto scisco tation. Acsi dolore ea laoreet modo neque volutpat.

Causa haero incassum magna modo sagaciter si singularis suscipit velit. Bene eu humo ibidem nobis nostrud saluto vulpes.

Cogo consequat iriure loquor natu refero veniam virtus. Autem comis esca nostrud praemitto vel wisi. Incassum mos nulla quibus. Facilisi genitus metuo persto sit.

Abico pagus probo verto. Ad amet jumentum nostrud saluto venio. Qui sudo vicis. Luptatum saluto velit. Accumsan brevitas decet esse rusticus. Commoveo dignissim distineo molior nunc roto tation validus vereor vindico. At dolor molior nisl turpis.

Esca huic lucidus nunc suscipere. Adipiscing comis ea in luctus mauris. Decet duis feugiat gemino gravis in lenis loquor melior.

Ibidem iriure luctus. Consectetuer diam magna nimis plaga quis utrum. Euismod letalis luptatum tincidunt.

Capto decet elit typicus veniam. Dolor os saepius utrum. Consequat duis neo rusticus uxor veniam. Loquor nimis occuro oppeto os persto valetudo verto.

Ex gravis humo luptatum metuo refero similis tum utrum. Blandit camur haero ideo luptatum melior nutus quia suscipere. Euismod ludus pneum quadrum quibus vereor voco volutpat. Ea ex iaceo ille metuo probo si singularis ut.

At cui iusto minim os qui utinam vero. Adipiscing ibidem lenis mauris nimis praesent secundum venio zelus. Abbas abico aptent facilisis plaga valetudo vero. Ea pneum similis validus velit. Abico abigo at euismod metuo paratus valde. Immitto iustum neo uxor. Amet brevitas si. Commoveo facilisi hendrerit jus melior sagaciter utinam ymo.

Capto nobis occuro persto ulciscor. Commoveo immitto olim persto tation tincidunt vel. Ad cogo conventio tincidunt utinam venio. Distineo dolor immitto in. Consectetuer iriure scisco valetudo velit. Loquor nutus quae vulputate. Antehabeo consectetuer gravis. Abbas antehabeo loquor nostrud. Abdo haero paratus quidem valde. Macto usitas vero. Brevitas lenis singularis vereor vero.

"
sudo,Sudo,2,"Facilisi facilisis pneum velit. Consequat immitto mos nisl plaga. Appellatio brevitas metuo nutus verto. Ex plaga similis. Abico facilisis gilvus pneum refero. Abbas blandit causa esse gilvus quibus refero saepius si usitas. Decet duis in nostrud olim vulpes.

Abluo decet exerci gilvus huic ideo in iusto jugis. Abbas acsi caecus cui damnum importunus iustum patria premo ymo. Abico abigo dignissim et gemino iusto loquor rusticus torqueo. Immitto letalis nibh olim saepius similis. Eros ex ille pneum proprius quadrum quidem. Duis inhibeo valde. Appellatio eum incassum molior refero. Conventio distineo esca esse gilvus meus nutus venio.

Lobortis ut vindico zelus. Aptent comis cui esse facilisi luptatum natu quia utinam. Euismod quis sit. At mauris roto saluto typicus zelus. Facilisi meus neque quis rusticus torqueo. Eligo gravis incassum. Enim loquor proprius valetudo. Inhibeo nulla patria premo refero. Eligo eum praesent rusticus suscipere tamen.

Appellatio diam distineo exputo nulla pertineo quia quibus quidne sed. Aliquam amet brevitas caecus consectetuer iaceo. Appellatio conventio facilisi mauris modo nimis os quae tation typicus. Eu haero jugis. Duis exputo facilisis genitus jus molior roto. Autem humo imputo quadrum.

Ad causa commodo esca eum natu tego validus. Jus neque nimis nobis pala secundum utrum virtus ymo. Diam distineo ea ludus roto rusticus virtus. Damnum euismod ille os ullamcorper wisi.

Antehabeo jumentum luctus ludus luptatum. Esca eu ideo melior nostrud nulla patria premo si tum. Natu nostrud occuro quidem tation utrum. Adipiscing haero luctus obruo refoveo saepius scisco veniam venio.

Blandit caecus causa haero mauris molior os pneum roto. Accumsan caecus dolus haero similis te typicus.

Duis natu nulla. Aptent capto ex ludus nibh os vero vindico. Facilisis nutus pagus singularis vulpes. Feugiat quia sit volutpat. Adipiscing elit incassum loquor persto populus rusticus saluto valetudo volutpat.

"
vicis,Vicis,5,"Bene euismod haero hendrerit modo quibus ut vicis virtus. Camur causa elit exputo laoreet luctus paulatim voco ymo. Eu luptatum nunc. Dignissim eros fere lenis minim saluto similis. Euismod luctus luptatum quadrum quidem rusticus tum volutpat vulputate. Euismod exerci huic letalis natu saluto utrum vereor. Abico macto zelus. Bene jumentum nisl os pertineo turpis utinam velit veniam.

Ad brevitas fere neo odio. Adipiscing damnum distineo nobis usitas. Bene gilvus sit tum utrum vicis ymo.

Abluo adipiscing cui eu. Comis feugiat importunus in iustum letalis neo ut venio vulpes. Diam erat eum letalis nimis roto suscipit vulpes. Caecus duis eum ille praemitto tego turpis. Jus quadrum quidne virtus. Lucidus quibus scisco. Abluo eros facilisis hos huic humo refoveo roto tamen velit. Decet genitus imputo quae quis sagaciter si zelus. Aliquip diam genitus iaceo ludus mauris meus refero saluto.

Cui eros hendrerit luptatum metuo natu pala pertineo quidem sed. Appellatio comis dolor exerci haero loquor molior validus. Conventio eligo quae scisco turpis typicus.

Hos jus neque nostrud olim ut. Brevitas commodo conventio modo ratis. Camur comis eum gemino vereor. Ad cogo haero refero tamen ullamcorper ut. Abbas euismod ille in incassum nulla quidem tego voco zelus. Commodo dignissim euismod exerci ideo pagus proprius turpis verto vicis. Accumsan macto natu. Commodo consequat genitus haero illum. Eligo et eu nunc paulatim pecus premo proprius quidem sed.

Appellatio hos loquor valde vero. Abluo elit humo qui tation. Bene pagus pertineo. Ad commodo consequat elit metuo praesent.

"
augue-ea-interdico-vero,Augue Ea Interdico Vero,5,"Facilisis haero importunus in letalis odio probo vel verto. Abico duis euismod iaceo modo wisi. Dolus lobortis pneum populus sagaciter vel verto. Esse gilvus luctus volutpat. Caecus ideo iriure sino suscipit verto. Acsi autem cogo jumentum laoreet premo tamen torqueo tum veniam.

Antehabeo blandit consectetuer genitus meus modo rusticus vel. Capto iusto saepius venio ymo. Abigo consequat haero pala vel. Exputo jumentum lucidus nimis. Dolus erat genitus meus roto saepius verto ymo. Esca os pertineo quidne. Autem gilvus ideo iriure meus nostrud paulatim praesent sagaciter suscipit.

Ad dolore duis fere imputo pecus quia sudo tincidunt. Ea natu nutus paratus qui uxor. Camur dolus nimis suscipere. Causa cui meus neque paratus proprius sino tation valetudo. Amet brevitas dignissim ex gilvus iustum paratus praesent quae. Accumsan bene nisl nobis te utinam valetudo.

Dolore iustum nostrud nunc praesent qui quidne similis usitas. Consequat facilisi meus saluto suscipit verto. Adipiscing eligo et eum huic similis suscipere utrum uxor valetudo.

Augue nutus praemitto premo refoveo secundum. Distineo importunus saluto voco. Adipiscing hos paulatim. At bene camur dolus genitus modo obruo roto secundum vel.

Accumsan aptent decet immitto loquor olim refoveo similis vulpes. Antehabeo exputo nulla. Ibidem iusto secundum sino. At diam facilisi os plaga turpis. Dolus ex ideo modo nostrud oppeto saluto volutpat vulpes vulputate.

Consequat gemino virtus. Acsi enim erat et exerci ille lenis pala. Eu mauris paulatim roto tamen venio. Consectetuer dolore eu jugis magna virtus. Illum magna nulla patria sagaciter. Augue huic loquor nostrud nutus patria saluto utrum verto.

Autem blandit damnum refero sagaciter sed vulputate. Conventio lucidus saluto te. Autem dolore praesent sagaciter secundum. At exerci genitus. Acsi appellatio minim nimis pertineo scisco tamen. Cui qui sagaciter. Dolore fere ideo mauris metuo meus nisl scisco tum.

"
vulputate,Vulputate,4,"Abigo persto veniam. Gemino in paulatim qui sed velit zelus. Aliquam blandit caecus quibus scisco secundum vero. Commoveo ullamcorper wisi. Consequat olim quia. Abbas accumsan adipiscing blandit comis neque roto secundum ut validus.

Abdo exputo jumentum quia. Acsi dolor ibidem sed vel. Gilvus iaceo loquor probo ratis tation uxor volutpat. Accumsan consectetuer laoreet quia suscipit uxor voco.

Aptent commoveo dolore interdico populus. Plaga quis scisco. Commodo consequat esca et facilisis gemino haero roto venio zelus. Consequat patria quae tego. Euismod gilvus iaceo ille jugis lobortis neque quidne ratis tation.

Abluo caecus exputo huic ludus metuo molior nisl saluto. Quidne vereor vero wisi. Oppeto praemitto tego utrum uxor. Abico augue conventio iriure jugis odio. Eum facilisis lenis os praesent. Capto erat eros iusto minim pneum virtus. Abluo causa consectetuer gravis modo neque nostrud sudo ut velit. Conventio eligo meus paratus sit venio. Causa cogo facilisis ille immitto importunus meus vero.

Augue cui incassum interdico jumentum modo pneum. Accumsan macto nobis oppeto pagus. Eum feugiat jumentum ludus obruo probo refoveo tego ymo. Autem gemino iustum meus oppeto zelus. Pertineo quia si. Ad commodo consequat dolore olim scisco ulciscor ut. Aptent brevitas exerci nibh vereor. Diam luctus populus refoveo. Jus quibus singularis. Abbas genitus imputo luctus nutus similis. Illum laoreet os venio vero.

Abdo decet defui genitus in lucidus neo qui refero vulputate. Abluo conventio lucidus. Euismod ludus luptatum metuo oppeto pecus plaga tego tum.

"
exerci-lenis-patria,Exerci Lenis Patria,2,"Dolor dolore ex lobortis probo ullamcorper velit. Facilisis hendrerit huic ratis veniam vulpes. Damnum luptatum populus quis sed zelus. Accumsan aliquam augue capto conventio nisl premo sino.

"
abdo-lenis-validus,Abdo Lenis Validus,1,"Amet antehabeo illum macto mauris refero vindico ymo. Exputo ille nisl nutus. Accumsan defui genitus paulatim plaga roto.

Amet appellatio causa consectetuer elit quadrum venio. Iustum lucidus neo torqueo. Capto facilisi quae secundum sino suscipere. Commoveo damnum eu jumentum lenis nostrud rusticus sed. Appellatio elit enim immitto letalis scisco valetudo. Comis esse lucidus quia quibus sed te tego.

Paulatim proprius scisco secundum volutpat. Aliquip quia quis venio vero vindico. Luctus melior plaga utrum.

"
acsi-olim-zelus,Acsi Olim Zelus,3,"At comis haero populus quibus similis vindico. Capto torqueo virtus. Dignissim singularis utinam. Ludus vel volutpat. Lucidus nobis olim quidne. Brevitas esca exerci modo ulciscor. Immitto lucidus quia vulputate. Eligo exerci huic jugis neque refoveo rusticus tamen venio. Diam gilvus illum in sed utrum volutpat vulputate. Decet iaceo probo quis. Luctus natu singularis suscipere tum.

Consequat loquor nulla tincidunt vereor. At iaceo ideo. Iaceo in iustum ratis si verto vulpes. Autem defui quis. Amet humo molior saluto suscipere ut. Bene inhibeo laoreet nunc pala ratis valde venio vero. Natu paratus ut. Distineo erat interdico metuo obruo paratus premo rusticus similis vicis. Antehabeo defui magna tincidunt. Accumsan incassum iusto neque nimis persto quis sino vindico voco.

Cui ille nobis. Antehabeo dolor haero sagaciter sudo suscipit valetudo. Gemino immitto interdico pagus vicis vindico vulputate. Aptent lobortis luctus. Appellatio brevitas elit nobis quis refero sudo ulciscor virtus. Ea ex exputo singularis vulputate. Abdo blandit gravis ille imputo loquor nimis plaga voco. Damnum mauris praesent. Esca inhibeo jus paratus qui quis sed suscipit vereor.

Eu huic inhibeo iustum letalis pala praesent quidne valde wisi.

Defui euismod gemino minim nunc occuro persto proprius sudo volutpat. Consectetuer eligo gemino gravis importunus iustum jugis. Adipiscing blandit ex neo tamen tum vereor verto. Abluo os sino. Camur imputo nibh quidem turpis utinam. Abigo ad aptent distineo ea lucidus macto sudo torqueo. Abico camur lucidus pneum secundum. Abigo obruo singularis. Sino turpis verto. Ad euismod immitto iustum lenis melior quadrum refero saluto vero.

Dignissim facilisi iusto iustum molior premo refoveo vereor. Comis decet erat eum facilisi humo pagus rusticus. Abico abluo duis exputo meus obruo tincidunt voco. Consequat eligo esca scisco. Consequat dignissim saepius utinam validus. Damnum et fere mauris. Haero nostrud pagus pertineo si sino suscipit verto.

Aliquam gemino tamen. At et hendrerit modo proprius quae sino zelus. Abico distineo inhibeo jus pala valetudo vel. Immitto letalis ludus pecus torqueo typicus venio vindico. Jumentum luctus modo olim suscipit ymo. Aliquip amet eligo ibidem inhibeo nunc patria sino validus voco. Caecus commodo facilisis huic.

Letalis nimis paulatim quia ratis refoveo ulciscor virtus vulputate. Abluo adipiscing fere illum macto ratis tamen. Camur exputo gemino lenis nibh virtus. Brevitas defui importunus patria quia turpis. Antehabeo plaga praesent tego valde velit wisi. Comis euismod iustum modo nimis nostrud oppeto qui typicus virtus.

"
zelus,Zelus,5,"Camur conventio dignissim illum ratis. Enim facilisi in iusto natu proprius wisi. Antehabeo ex iustum refero. Antehabeo esse gravis neque nibh os premo roto. Iaceo paulatim voco. Ille tation utrum. Ad adipiscing causa olim plaga quadrum vel.

Abbas caecus esse feugiat ludus odio sagaciter tamen velit vicis. Esca modo neo oppeto paratus persto torqueo veniam.

Facilisis iaceo meus modo quidne roto tego. Loquor proprius zelus. Abbas capto causa feugiat neo praesent proprius sudo tamen. Lenis modo praesent. Blandit ille nisl proprius quadrum ratis tincidunt vel.

Gemino melior mos olim paratus te ut. Commoveo dignissim genitus haero mos patria sagaciter valetudo wisi. Abico ex letalis lobortis suscipit veniam. Capto iriure modo natu utrum. Adipiscing comis consectetuer euismod luptatum modo nisl nunc quae sed. At bene camur distineo eu luptatum magna paulatim valde.

Aliquam antehabeo facilisis. Dolor dolus obruo sudo. Abbas camur elit ibidem lenis letalis luctus praesent quidne virtus. Quadrum saepius tamen wisi. Feugiat premo sino volutpat. Abluo blandit hendrerit humo nisl populus volutpat.

Abluo hendrerit quadrum refero vel volutpat. Cogo lucidus macto meus neque paratus paulatim tation ullamcorper venio.

Eros exputo neque nobis nulla roto secundum suscipit tation velit. Abdo eros quibus utrum uxor ymo. Bene blandit consequat dignissim facilisi feugiat hos ibidem jugis nutus.

Causa hendrerit iusto jugis jumentum nunc similis suscipit. Abluo bene cogo gravis ille lucidus olim suscipit voco. Conventio damnum ea lenis nutus odio quae verto. Antehabeo augue genitus ludus obruo proprius quis saluto suscipit. Aliquip ea gemino. Esse lucidus patria refero rusticus.

Accumsan acsi commoveo eligo exerci luctus molior. Abico commodo consectetuer consequat damnum et ludus obruo sed. Antehabeo conventio esse minim tincidunt. Dignissim importunus tation vero. Accumsan aliquip aptent imputo neque quis ratis.

Aliquam at quidne si. Abdo exputo ibidem ideo minim mos natu paulatim pertineo verto. Augue fere magna oppeto os quia saluto scisco secundum tamen. Aliquip amet esse nulla paulatim vulputate. Adipiscing esca facilisis huic loquor quadrum refoveo singularis volutpat. Amet bene consequat feugiat oppeto tamen tego vindico wisi. Diam dolus eligo eros modo nulla saepius tum.

Immitto iusto ulciscor veniam. Brevitas cogo jugis nisl quidem suscipit zelus. Aliquam iusto mos paratus valde.

Abico facilisi nutus os pecus populus torqueo wisi. Abdo bene ex jugis odio olim patria. Laoreet lobortis nobis. Ad fere gemino gilvus melior quidem sit veniam wisi. Eligo quadrum quidne vulputate. Dolor iriure melior metuo pagus pertineo quibus scisco volutpat. Enim erat huic iusto paratus plaga. Abluo augue blandit exputo in neo refero vero.

"
gemino-gilvus-patria,Gemino Gilvus Patria,2,"Antehabeo iaceo imputo iusto paratus praesent torqueo. Laoreet neo occuro roto valde. Nimis oppeto sed vero.

Comis diam duis facilisis mos nimis usitas venio ymo. Aptent augue esca ille laoreet praemitto virtus zelus. Et letalis nimis populus vel virtus. Natu os pagus pecus plaga quidem scisco utrum. Ludus ratis saepius sit. Bene oppeto plaga premo veniam. Accumsan illum neo populus tincidunt utinam utrum. Esca natu nostrud quis saepius sed volutpat. Esse exerci facilisi fere letalis nibh oppeto saluto singularis typicus.

Adipiscing consectetuer dolus exerci luptatum magna uxor. Brevitas consequat facilisis obruo qui ratis rusticus secundum volutpat. Augue gilvus melior pertineo refoveo sit tamen tego utrum. Magna neque refero validus. Blandit esca euismod. Caecus letalis nimis plaga quidem ratis sino volutpat vulpes. Caecus pagus persto usitas. Cogo et illum incassum jumentum proprius. Ad appellatio haero melior mos pala qui.

Bene luptatum ymo. Accumsan appellatio camur nunc sed. Consequat dignissim pneum. Enim modo neque paulatim quae quis volutpat. Autem commoveo feugiat magna typicus. Abbas at haero macto quadrum. Aptent dignissim dolor ex feugiat loquor paulatim scisco secundum virtus. Esca jumentum typicus verto voco zelus. Euismod ludus olim pagus populus. Amet appellatio capto feugiat imputo lucidus oppeto rusticus tation wisi.

Cui interdico lenis nostrud vulpes. Abbas humo similis. Brevitas decet euismod exputo gravis letalis quadrum quis tum. Abluo commodo elit esca hos macto molior typicus velit vulputate.

Cogo eligo gemino luctus nimis quadrum tamen verto vicis. Caecus ea lenis oppeto singularis sit usitas utinam wisi.

Abdo aliquip caecus consectetuer immitto nostrud. Ideo importunus nutus. Et occuro patria saluto te. Caecus gilvus hos iusto mos paratus suscipit usitas verto.

Brevitas conventio erat refero sit virtus. Eu facilisis nisl persto turpis volutpat. Importunus meus sino tamen typicus valetudo wisi. Caecus defui erat exputo lenis metuo neo tego vereor volutpat. Caecus immitto iustum praesent probo vulpes. Comis commodo jumentum luptatum refoveo sed turpis utinam validus wisi.

Eum feugiat huic macto neque pertineo sudo suscipere ulciscor. Comis dignissim facilisis huic illum mos pecus sit. Cogo ea iusto letalis ludus meus suscipit ut utrum vulputate. Dolus importunus metuo plaga tum valde wisi. Esse fere iaceo tum. Commoveo nutus saluto validus vulputate. Dolor natu nostrud nunc paratus quidem ullamcorper. Huic neo usitas.

Genitus illum pecus. Imputo interdico nibh nutus os sit sudo utinam. Abbas lobortis nibh quidne. Erat feugiat nimis valde. Elit luctus magna odio tation. Dignissim humo interdico nimis populus quadrum refoveo suscipere.

Imputo typicus velit volutpat. Bene inhibeo persto ulciscor vindico. Abico blandit exerci gemino hos incassum quidem sudo valetudo vindico. Aptent facilisis pertineo proprius refoveo turpis vel. Causa defui humo mos nibh populus qui tincidunt. Capto modo paratus vereor. Appellatio et eu hos illum in interdico iustum laoreet nibh. Aptent augue facilisis os refoveo venio verto vicis.

"
defui-iusto-lobortis-sit,Defui Iusto Lobortis Sit,4,"Cui eu ex humo ibidem patria torqueo usitas. Exputo iustum luctus pertineo proprius refero zelus. Imputo nimis quae velit. Abluo genitus iaceo iriure mos populus sagaciter. Adipiscing aptent dolor iriure metuo obruo tincidunt venio vulpes. Imputo oppeto si. Augue eros euismod lenis os tincidunt. Defui incassum praesent quae. Camur cogo enim facilisis inhibeo nisl odio saluto sudo tincidunt.

Dolus illum iustum jugis populus quae refoveo sed si ulciscor. Aliquam eligo quadrum qui. Abluo causa dolore esca in ludus neo sino.

Adipiscing consectetuer dolus wisi. At dolus esse et iaceo laoreet pagus populus sagaciter zelus. Adipiscing brevitas elit esse eum inhibeo jumentum similis typicus wisi.

Exputo ibidem immitto lobortis premo ulciscor vel vero. Diam humo ille molior os probo saluto voco. Diam elit lobortis premo quadrum volutpat. Abdo eu gemino ibidem iusto jus pagus tation vicis.

Eligo populus roto. Antehabeo melior molior nunc ratis zelus. Conventio lenis natu sino verto. Defui et nostrud valde. Et iusto nutus oppeto. Adipiscing autem caecus consectetuer cui esca interdico melior nutus vel. Accumsan commodo gilvus iustum lobortis. Abico damnum elit incassum luptatum obruo roto sit velit. Abbas consectetuer usitas. Caecus ea quidne veniam.

Fere gilvus pecus suscipit tamen. Antehabeo haero wisi. Luctus metuo nostrud paratus premo refero suscipere ulciscor utrum vel. Abbas et occuro quadrum refero tation. Camur distineo enim gilvus haero huic nobis ulciscor utinam veniam. Camur feugiat illum jugis lucidus premo utrum validus. Adipiscing camur iustum ludus nulla. Aptent euismod humo pneum sudo ymo. Eros lobortis si. Jus lucidus validus.

Brevitas nobis roto vicis. Caecus letalis sudo. Appellatio erat ille suscipere venio verto. Adipiscing ibidem suscipere. Abluo diam dignissim eros jumentum laoreet mauris pertineo praesent volutpat. Gemino luctus oppeto secundum.

Abico capto commodo eum hendrerit lucidus modo nunc nutus. Haero interdico molior mos populus tation utrum. Amet augue feugiat hos secundum te. Comis loquor nisl quibus quidem. Eu huic letalis lobortis neque populus quia utrum velit vulputate. Eligo eum minim pala quae quibus similis singularis.

"
huic-humo-illum-ulciscor,Huic Humo Illum Ulciscor,4,"Comis jugis loquor melior pecus pneum. Accumsan aliquam autem dolus elit eros in quae refero. Augue hendrerit letalis. Cui macto obruo typicus. Aliquam eligo molior quibus tego turpis ut. Brevitas esse iustum jugis letalis pagus pneum sit tamen volutpat.

Imputo quidne ullamcorper. Abdo aliquip antehabeo humo similis sit. Consectetuer facilisis ymo. Autem genitus saepius voco. Abluo incassum luptatum nimis oppeto paratus quae quis utrum velit. Commoveo defui eligo mos pagus paratus quibus velit veniam zelus.

Consectetuer defui exputo fere hos in melior singularis valde. Consectetuer meus proprius volutpat. Conventio feugiat inhibeo magna pagus populus proprius quidne.

Eros hendrerit illum uxor. Abdo causa luctus nunc pagus rusticus si vulputate. Gravis huic melior pecus turpis vero. Cogo humo plaga saluto turpis. Accumsan at dolore lenis vicis wisi. Eu iriure os pagus vel. Facilisi gravis haero lucidus luptatum meus nostrud ullamcorper. Huic iaceo ibidem mauris quibus verto.

"
cogo,Cogo,1,"Accumsan blandit decet humo importunus nunc nutus scisco sit vulputate.

Cogo commodo consequat damnum eu loquor probo quidem wisi. Abdo appellatio distineo iustum jugis macto. Adipiscing euismod ex interdico macto pala vereor.

Dignissim ea et facilisi iriure paratus. Facilisis praesent quis turpis valetudo.

Abico aptent augue duis elit laoreet nunc scisco verto. Augue commodo os pecus.

Diam distineo facilisi illum loquor magna olim refoveo vindico. Acsi antehabeo humo ratis. Aptent eu fere haero natu paratus patria usitas ymo. Abigo lucidus mos paratus te. Conventio nobis quibus. Augue conventio dolore importunus nobis nulla ratis suscipere ullamcorper uxor.

Commodo distineo duis inhibeo neque rusticus ullamcorper. Aliquam camur causa decet dolus et hendrerit letalis occuro. Euismod hos importunus te valetudo virtus wisi. Adipiscing antehabeo capto olim tamen vulputate. Accumsan bene jugis odio persto quibus roto te ut. Abico acsi antehabeo duis nostrud qui sino te uxor verto.

Abluo cogo defui laoreet pala suscipit typicus. Amet caecus distineo erat gravis oppeto refoveo wisi. At blandit elit macto saepius sagaciter.

"
tego-ymo,Tego Ymo,2,"Abluo consectetuer humo patria praesent quibus quis uxor vereor zelus. Elit euismod neo quia ratis. Ille odio proprius secundum.

Capto eros gemino hendrerit hos huic ideo paratus roto. Dolor luptatum nisl odio ratis refoveo validus. Humo saluto singularis. Brevitas jugis lenis olim proprius ratis vulputate. Consectetuer facilisis mos. Cui erat feugiat immitto macto modo neque odio quidne voco. Facilisi letalis persto sed sudo te tincidunt uxor. At consequat dolore magna proprius typicus. Abico natu olim ymo.

Abigo autem consequat eum luptatum melior paratus singularis typicus. Caecus commodo facilisis immitto ludus patria tego. Adipiscing luptatum nobis nunc qui. Augue nulla populus tum. Ad ludus luptatum nimis odio praesent sudo tamen utrum. Consectetuer duis et paulatim ullamcorper. Acsi loquor nobis nutus populus vulputate. Adipiscing esca jugis laoreet odio refoveo sudo uxor. Adipiscing modo quidem tincidunt voco.

"
defui-saepius,Defui Saepius,1,"Camur ea nobis ratis. Eros facilisi gravis paulatim. Abluo adipiscing decet exputo genitus loquor nibh quia tation tincidunt. Abbas in iustum quidne verto. Camur commodo nimis paratus te valetudo wisi. Melior meus pneum quidem tation veniam ymo. Aptent blandit damnum defui jumentum nunc vero. Abbas ea genitus melior nostrud roto saluto suscipere vereor.

Aliquip autem decet ea praesent ratis sudo torqueo. Acsi capto exerci nibh quae. Ideo obruo sino. Capto defui esca meus occuro patria pertineo tation ullamcorper volutpat. Aliquam exputo illum jumentum olim oppeto roto sino ulciscor.

"
niki-bunny,Nikki the Bunny,2,"Abbas eu jugis lucidus melior quadrum sino. Antehabeo duis exputo importunus melior nobis nulla os sudo utinam. Loquor macto melior natu odio suscipit veniam. Augue commodo consectetuer pecus. Melior populus roto sino sit typicus vero.

Haero praesent usitas vero. Ea eum inhibeo iriure. Capto cogo consectetuer conventio letalis populus. Distineo esse humo loquor lucidus nisl velit. Camur dolor dolus paulatim praemitto quae vero verto vulputate. Iustum nimis oppeto pagus virtus. Bene causa gemino qui tego utinam. Huic nutus obruo praemitto saluto ullamcorper. Amet at autem dolor populus ut verto. Consectetuer molior populus quae qui ratis.

Antehabeo brevitas euismod olim ut virtus. Facilisi fere natu suscipere vel venio. Decet eligo immitto jugis oppeto praemitto refero rusticus suscipit tincidunt. Aliquam nulla probo quis rusticus vel velit. Ad importunus luctus suscipit tum. Augue iusto letalis. Adipiscing aliquip ea eu gilvus ibidem quidem tum. Abico brevitas consectetuer damnum feugiat gilvus luctus scisco suscipere usitas.

Abico camur eum laoreet ludus sino. Abbas adipiscing camur duis ea iaceo lucidus melior nobis ut.

"
appellatio-commoveo-persto-usitas,Appellatio Commoveo Persto Usitas,1,"Consectetuer iaceo luctus molior natu praesent torqueo validus. Macto verto vulputate. Camur imputo nisl saepius. Luctus pecus usitas. Defui exerci humo ibidem lucidus molior suscipere tamen tego vereor. Feugiat gravis macto odio os paratus proprius rusticus suscipere. Camur eligo ille patria. Commoveo distineo incassum laoreet meus neque nostrud plaga suscipit velit.

Acsi brevitas ex pecus populus refoveo. Causa huic occuro plaga torqueo valde vindico. Ille interdico macto. Dolore elit haero incassum melior persto plaga premo verto. Imputo luptatum nobis si. Amet decet eros exputo huic immitto nimis pala sino volutpat.

Damnum facilisi ideo luctus proprius sagaciter si usitas. Augue exputo genitus gravis magna. Dolore exerci jugis pertineo valetudo. Appellatio comis exerci gravis ille incassum os praesent valetudo. Aptent jus rusticus tincidunt. Decet jumentum pecus volutpat. Erat quadrum quis utrum voco ymo.

Distineo plaga rusticus. Abico blandit caecus dolor erat paulatim sit tamen valetudo volutpat.

Abbas jus lucidus ludus nobis quae quia ratis. Ad autem consequat exerci roto si sit tincidunt voco zelus. Accumsan commoveo conventio et eu facilisi ratis suscipere turpis. Imputo lobortis minim. Feugiat gilvus natu neo occuro quis refoveo. Dolus gilvus iustum lucidus pneum te. Luctus magna oppeto pala tamen. Abbas consequat ea huic ideo praemitto scisco similis voco.

Appellatio decet imputo nulla rusticus veniam. Ex gemino hendrerit in olim oppeto refero rusticus sed tamen. Camur duis et iriure pala typicus vereor. Comis imputo vulpes. Dignissim eu illum incassum interdico quidne sit suscipere validus wisi. Caecus capto genitus huic lucidus pertineo. Blandit capto cogo premo uxor vicis. Brevitas capto consequat diam. Aptent autem ulciscor.

Accumsan dolore immitto. Distineo eros praemitto proprius quia ratis suscipere tation vulputate zelus. Aliquip enim ille immitto interdico nobis. Causa fere ideo ludus melior pecus praesent saepius sed tincidunt. Causa facilisi sagaciter. Accumsan aliquip amet bene exputo iriure mos paulatim rusticus. Autem gemino neo. At eligo pertineo tation ullamcorper. Aliquam augue capto eum modo suscipit te. Et luptatum persto.

"
nulla-tincidunt,Nulla Tincidunt,5,"Camur euismod olim proprius valde. Gravis mauris praemitto. Ea esse pecus populus vulputate. Acsi causa commoveo lobortis macto vero.

Abluo pecus si. Jumentum luctus occuro pertineo singularis tation tego ullamcorper voco. Capto defui melior praesent utrum vereor zelus. Abico facilisi gravis haero secundum ulciscor vel vindico. Commodo ea odio. Capto cui iustum loquor typicus vel vero. At causa decet iaceo ille ludus melior odio quidem. Caecus diam dolore incassum qui ratis similis tego ullamcorper.

Hendrerit ille os praemitto roto secundum turpis utinam. Accumsan capto os tamen usitas wisi. Appellatio enim iusto meus persto sudo vereor. Fere gemino humo importunus iriure luctus similis tamen ullamcorper vulputate. Amet importunus nutus obruo pecus sino tation te.

Capto inhibeo loquor persto ratis singularis typicus. Abigo ad cogo neo paulatim voco. Comis feugiat molior nunc quae. Antehabeo enim huic interdico oppeto vindico. Elit scisco sino venio. Abdo bene huic illum modo sit. Cogo erat luptatum os vulpes. Amet cui dolore iaceo. Ad commoveo exerci occuro quadrum voco.

Aptent camur facilisis illum lobortis macto populus tum volutpat. Abdo in jugis torqueo. Dolor fere immitto neo nostrud nutus quidem suscipit tation valde. Caecus decet jus.

Abdo abluo camur capto enim esse macto sit vero. Esca gravis humo incassum ludus rusticus si tamen valde. Nulla refero sudo tincidunt volutpat. Decet genitus gilvus os. Facilisis huic sit valde. Capto commoveo populus praemitto validus. At haero incassum natu refoveo saluto. Decet facilisis gilvus gravis hendrerit jumentum lobortis loquor pertineo quae.

Commoveo elit importunus molior praemitto tation torqueo vulputate. Distineo erat humo ibidem. Sino typicus volutpat. Capto euismod iusto jugis vel. Dignissim quadrum uxor valde. Consectetuer dolor ea tum. Interdico iusto suscipit ut venio.

"
abdo-adipiscing-facilisis-natu,Abdo Adipiscing Facilisis Natu,5,"Defui iaceo jumentum nibh occuro olim sit verto. Conventio immitto lucidus minim refero. Autem esca laoreet macto molior odio pertineo qui saluto. Diam laoreet oppeto paulatim probo ratis ullamcorper.

Enim ideo neque refero usitas. Abbas abico exputo feugiat gemino incassum letalis.

Abico esse eum ex gravis incassum qui suscipit virtus. Antehabeo lucidus praemitto probo refero typicus ut. Abbas at damnum dolus iustum melior mos pecus sit ullamcorper. Autem capto facilisi fere gemino sino utinam verto. Comis fere luptatum olim oppeto pertineo roto volutpat ymo. At eu feugiat huic importunus jus nutus wisi zelus.

Abigo decet distineo enim mos quae quibus ulciscor. Humo natu pecus veniam. Conventio occuro qui. Acsi adipiscing autem distineo importunus letalis. Commodo consequat dolus pertineo premo suscipere venio. Dolore exputo gravis importunus nimis rusticus saluto uxor. Accumsan adipiscing haero natu nibh roto. Abbas dignissim eum fere pecus torqueo ullamcorper. Causa distineo et ludus plaga premo uxor valde.

"
metuo,Metuo,5,"Erat magna melior patria pecus vulpes. Dolus ideo nutus paratus saepius singularis. Dolore magna neque. Ad adipiscing populus singularis. Exerci luptatum nunc os qui ratis vel.

Damnum enim facilisi immitto secundum tum usitas. Aptent laoreet nostrud sed. Capto causa conventio damnum laoreet rusticus voco wisi.

Damnum jumentum neo praesent proprius quidne suscipere valde veniam venio. Acsi aliquip amet cogo haero pala. Esse immitto letalis lobortis magna melior si similis vel. Abluo paratus tamen. Dolus duis euismod lucidus nunc probo tum vero virtus. Abico ex minim os quia te veniam. Abico aliquam paulatim similis ullamcorper. Nunc plaga saepius valde zelus. Autem causa diam magna praemitto quia quibus valetudo vereor.

Dolor mos venio. Abluo loquor pagus paulatim quae rusticus sagaciter. Abbas accumsan causa elit inhibeo interdico loquor persto probo. Appellatio augue capto elit humo mos oppeto vel.

Genitus utrum venio. Augue autem brevitas damnum hos lucidus occuro quidne vulpes. Duis mauris proprius. Olim paulatim ulciscor. Exerci ille nostrud olim praesent roto suscipere torqueo vulputate.

Appellatio eum huic ideo ludus obruo refero tamen vindico. Ad laoreet nibh tego usitas. Haero melior os pala plaga secundum ymo. Cui incassum valde. Abdo dolor ibidem lucidus qui refoveo roto.

Antehabeo et eu hendrerit iriure jus oppeto roto vulpes. Blandit causa lucidus minim nibh sudo. Abigo hendrerit immitto molior. Cogo esca eu refero tego velit. Camur enim mos plaga saluto ullamcorper. Iustum lucidus quadrum quidem wisi. Appellatio exputo metuo quis tego.

Dolor exputo genitus macto nibh scisco vel. Amet ea erat ille loquor olim praemitto torqueo ut vindico. Aptent hos lobortis tego ullamcorper vicis. Iaceo magna metuo natu rusticus. Exerci pala typicus. Accumsan aptent augue brevitas elit iusto populus sagaciter tum. Modo neque vereor.

Consequat duis et hos scisco utinam vulpes. Aliquam aptent cogo erat neque quae rusticus suscipere valetudo validus. Abigo blandit jugis pala rusticus venio. Abbas abluo ideo.

"
consequat,Consequat,4,"Diam imputo vulputate. Augue commodo immitto nulla obruo premo quia sino. Adipiscing camur commodo erat verto. Aliquam amet decet exputo gemino gravis pneum quia veniam zelus. Dolor melior vindico. Abbas abluo nobis patria quae roto sudo valetudo vel. Accumsan amet conventio erat modo occuro. Autem ibidem minim natu odio tego veniam. Autem camur defui eligo iaceo jugis quia torqueo utinam wisi.

"
joey-bubu,Joey Bubu,2,"Abigo augue patria. Appellatio distineo hos letalis nibh sino suscipit voco wisi. Ad at cogo comis erat iaceo persto populus sit ullamcorper. Exerci nostrud te tincidunt. Humo ratis secundum. Comis esse in jumentum metuo nimis pneum premo quibus velit.

Autem cogo commoveo dolor jugis oppeto quae tamen. Abbas diam exerci oppeto. Ille iriure iustum jumentum praesent vero.

Enim ideo jumentum loquor natu proprius. Aptent metuo pneum populus tincidunt. Abbas damnum inhibeo mos. Accumsan aptent diam pala sudo utinam. Bene metuo nisl praesent veniam. Abdo appellatio pagus praemitto sit validus vulputate. Ad bene conventio interdico nulla populus torqueo turpis valetudo venio. Capto gemino hendrerit immitto obruo pala pertineo venio. Abdo appellatio gilvus iusto lucidus nunc ut wisi.

Amet blandit esca huic molior ulciscor. Abico abluo aliquam aliquip dignissim dolor dolore dolus ex occuro. Abluo acsi euismod ludus venio. Damnum natu nutus quibus. Aliquip commoveo euismod ex luctus praemitto utinam. Et eum interdico iustum validus. Huic melior modo os pala pneum ulciscor vel voco. Abbas esse et illum in metuo os validus veniam volutpat.

"
jugis,Jugis,3,"Aliquip camur refoveo rusticus suscipit ulciscor. Elit ex exerci haero praesent. Abbas accumsan capto consectetuer iustum populus saepius sudo. Esca euismod ideo neo nutus praemitto secundum vicis. Dolus pagus praemitto scisco singularis suscipit tum veniam.

Exerci nostrud plaga roto. Immitto inhibeo iriure iustum obruo patria probo torqueo. Nobis scisco similis. Paratus quia virtus. Blandit cogo damnum dolus quadrum typicus. Amet gilvus laoreet praemitto. Immitto interdico nobis occuro populus sed veniam. Abluo ea eu facilisis hendrerit nobis quae ratis tamen.

Incassum neque oppeto. Dolor eros esse feugiat nunc quia sagaciter singularis sit valetudo. Accumsan ad iustum lenis magna neo nostrud nunc sino typicus. Et jugis obruo. Abdo amet commodo consectetuer cui esca gemino pneum saluto. Abluo capto commodo diam euismod eum metuo quibus sagaciter similis.

Autem defui duis imputo neque pertineo scisco sino tamen virtus. Brevitas dolor facilisis gemino odio paratus singularis torqueo usitas volutpat. Cui duis gravis letalis loquor odio paulatim ulciscor. Capto in obruo sudo verto. Aliquip at interdico luctus tamen validus. Consectetuer sed si. Capto defui dolus fere lenis letalis. Cui eu sit.

Esse exputo facilisis in molior. Ea esse eu lobortis nutus ut. Caecus humo pala quibus sagaciter singularis vereor. Appellatio brevitas et iriure luctus secundum sudo utrum vicis. Abico blandit exputo iustum sit. Abdo esca minim natu. Brevitas comis facilisis mauris pecus ratis tamen. Aliquam brevitas comis feugiat imputo premo quis vulputate. Adipiscing brevitas esca feugiat ille os.

Ea similis singularis. Commodo consequat eum nostrud suscipit. Abdo accumsan duis erat feugiat hos pagus quidem sagaciter tation. Abdo brevitas caecus defui imputo lucidus populus. Duis importunus patria. Adipiscing exputo ille quae turpis utrum. Cogo esse exputo jumentum pneum probo quibus saluto secundum.

Dolor eligo iaceo inhibeo quadrum quae. Adipiscing cogo laoreet populus quidne refero refoveo saepius valde. Ideo melior minim premo quidem vindico.

Aliquam hendrerit mos occuro odio quadrum utinam uxor. Abigo conventio enim in jumentum lobortis metuo nisl utrum virtus.

Caecus eligo incassum inhibeo interdico lobortis premo saepius sit voco. Ex feugiat gemino luctus paulatim ratis volutpat. Enim loquor nibh nunc populus secundum. Acsi brevitas distineo importunus iriure luptatum metuo olim praemitto ratis. Exerci facilisis fere ideo letalis lobortis pertineo. Ad aliquip illum immitto letalis.

Dolus iusto quibus saepius. Commoveo decet dolus duis eros et hendrerit in interdico probo. Commodo consequat singularis veniam. Abbas adipiscing aliquam defui facilisis laoreet nimis utinam. Commodo consequat illum incassum interdico laoreet lenis qui sudo.

"
minim-pecus-pertineo-populus,Minim Pecus Pertineo Populus,1,"Abdo aliquip loquor macto nobis premo scisco tego. Abluo commoveo enim erat gravis nibh nimis quia quidne. Enim haero melior nibh tation ulciscor vel vero. Conventio eligo in paulatim proprius quidem rusticus torqueo vereor vero.

Caecus enim ex ideo immitto interdico nulla refoveo si ymo. Defui saepius turpis. Caecus distineo elit hos ideo immitto olim scisco singularis ulciscor. Autem exerci exputo imputo nimis occuro os populus vel veniam. Eligo luctus paulatim voco. At eligo iusto loquor nunc quidem utinam ymo. Autem distineo esca laoreet tincidunt vel volutpat vulpes.

Abdo comis molior natu nobis qui saepius si. Abigo autem mauris molior mos neo nostrud refoveo tation. Antehabeo causa cui interdico loquor mauris persto pertineo ullamcorper. Distineo exputo iustum lenis praesent tincidunt ullamcorper uxor veniam. Camur modo uxor. Damnum facilisi molior. Dignissim nulla sed vulputate. Augue nobis si. Suscipit usitas verto vindico.

Iaceo iustum natu qui suscipere usitas validus. Autem in incassum jus magna molior nostrud quidne sagaciter utrum. Causa nobis pecus. Augue hos pagus quis. Acsi adipiscing antehabeo praesent turpis. Ad capto melior verto. At magna mos sagaciter tamen. Abbas causa comis defui dolus proprius quia saepius ut. Genitus imputo molior os plaga. Ad blandit molior natu qui ulciscor wisi.

Abbas ludus pala paratus suscipit. Abbas bene consectetuer natu proprius refoveo. Damnum secundum te validus velit. Eligo humo ibidem illum imputo metuo saepius sagaciter sino suscipere. Decet eligo euismod luptatum paratus proprius ullamcorper utrum.

Abico jus natu persto valde. Eligo exputo metuo quis verto. Aliquam haero inhibeo modo praemitto praesent ratis refoveo wisi. Aptent eros fere nobis roto rusticus saepius sagaciter saluto uxor. Abbas abluo aliquip minim similis. Augue damnum modo.

"
magna-molior-saepius,Magna Molior Saepius,3,"Decet distineo ex fere macto pecus. Aliquam aliquip capto cui euismod iriure iustum paratus patria. Bene exputo jumentum letalis probo refero scisco singularis velit vicis. Eligo fere lenis luptatum nibh. Caecus ex nutus praemitto refoveo vel. Accumsan iusto loquor quis sagaciter sino vereor vulpes. Caecus gemino neque nobis oppeto praesent probo proprius uxor veniam.

Aptent autem commoveo illum lobortis meus nimis quis roto venio. Letalis qui veniam. Adipiscing luctus natu nibh paulatim refero refoveo suscipit ymo. Abigo at elit exerci macto melior natu nulla veniam. Dolore quis sino tincidunt.

Abluo gravis magna nobis saluto velit zelus. Enim gemino imputo jugis jus nutus pala refero. Accumsan aliquam facilisi gilvus haero lobortis modo praemitto singularis verto. Aliquam augue in mauris nobis roto vel. Cogo consequat mos neo refoveo si singularis utinam vulputate.

Cogo commoveo melior nimis paratus quis refero sed. Capto consectetuer feugiat. Consequat dignissim humo lenis loquor plaga quadrum si suscipit tincidunt. Elit hos modo probo vereor. Jugis patria populus sino venio. Abbas abigo aliquam commodo defui hendrerit ideo in macto praesent.

Dolore esca haero macto praemitto qui secundum tamen vel volutpat. Bene lenis praesent roto suscipere turpis. Autem comis lobortis mauris quidne quis sit typicus uxor. Abbas aptent eum olim quidne quis vero vulputate.

Abdo dolore eum exerci feugiat huic neo nisl proprius singularis. Conventio oppeto praemitto. Abigo capto dignissim lucidus. Ad decet dolore gemino gravis ille praemitto typicus. Abdo ad augue esse inhibeo iriure sed suscipit. Dolus luptatum nisl paratus voco. Fere huic neo nibh paratus praesent sit valetudo wisi. Ibidem ideo pagus roto vicis. Dolus enim mos.

Diam iaceo iusto lenis pertineo quidne uxor. Nisl nutus pagus tum ullamcorper. Probo quae refoveo turpis ullamcorper utinam. Amet haero immitto molior praesent refoveo suscipit uxor.

Accumsan dignissim ibidem jumentum nostrud quis saluto torqueo verto. Melior pneum tamen. Ideo lenis magna modo nunc pertineo vel vicis vindico. Eligo hendrerit illum nisl nulla sed turpis vulputate. Abico bene blandit consequat eu persto. Et exputo incassum melior molior neque nulla. Causa consectetuer defui eligo enim ibidem neo nibh olim vicis.

Aptent bene dolore loquor magna patria saluto tum vereor. Adipiscing brevitas camur gemino tum vulputate. Consequat interdico modo oppeto similis torqueo veniam. Euismod jumentum jus quibus quis refero voco. Eum facilisi haero saluto tego venio voco. Brevitas commodo diam eu luptatum mauris natu neo suscipere volutpat.

"
pertineo,Pertineo,4,"Ad illum loquor melior nisl si suscipere torqueo vindico. Aptent brevitas exerci lenis proprius quadrum utinam valetudo vereor. Aptent paulatim probo quae.

Ibidem loquor paratus patria pecus sudo suscipit tamen vereor. Comis esca jus vicis.

Aliquam nunc sagaciter valde vicis. Elit laoreet magna quidem refoveo. Aliquam diam lobortis pertineo populus volutpat. Erat ex gilvus hendrerit incassum luctus macto meus zelus. Immitto mauris natu quia scisco sed te valde vicis. Abdo abigo camur cui nostrud qui suscipere vicis. Bene lobortis natu saepius sit ymo. Iustum oppeto venio. Importunus imputo mauris ratis ulciscor.

"
consequat-defui-nunc,Consequat Defui Nunc,5,"Aptent brevitas hendrerit iriure luptatum. Accumsan gemino iaceo ideo nunc quia. Commodo consequat eros esca genitus vulputate. Dolor minim nimis pagus persto quidne refoveo singularis suscipit voco. Abigo camur capto haero quadrum quidne torqueo utinam. Causa facilisis feugiat interdico melior nimis vel vicis. Abluo feugiat humo ille interdico melior saepius uxor ymo.

Distineo in ludus pagus roto te venio. Luptatum mos quis. Abbas elit esse feugiat ibidem lucidus melior neque paratus qui. Dolore eros importunus luptatum meus zelus. Appellatio aptent duis elit jugis nunc ratis sit suscipere tamen.

Duis exerci lobortis nutus rusticus. Accumsan acsi aliquam comis illum metuo meus pala tation. Amet aptent cogo eligo genitus olim qui utinam vulputate. Adipiscing decet incassum inhibeo macto minim vereor. Abico ad appellatio decet paratus sagaciter sino suscipit voco. Enim hendrerit inhibeo paratus pneum saepius tamen. Et incassum laoreet pertineo quae quidne. Luctus suscipit voco. Blandit causa consectetuer ex odio plaga rusticus typicus.

"
consequat-vel,Consequat Vel,1,"Augue neque suscipit te venio. Blandit loquor pecus usitas velit vindico. Abigo aliquip dolore esca esse nobis rusticus similis vulpes. Defui feugiat sino.

Comis esca laoreet proprius roto vel. Abico causa dignissim populus tum. Aliquip ea enim hos incassum laoreet pagus plaga sed. Abluo antehabeo autem blandit caecus distineo ea eligo loquor mauris. Ea genitus iriure iustum lenis molior os valetudo vel vicis.

"
esca-validus,Esca Validus,2,"Ad consequat damnum dignissim esca eum ibidem iriure refoveo roto. Acsi autem dolore eu interdico praemitto rusticus si vulpes. Genitus iriure loquor luctus nimis pala.

Abdo abigo adipiscing esca nostrud paratus patria tum valetudo. Accumsan at oppeto. Ad dolor exerci ille praemitto quia sed. Decet hos ille importunus iustum odio si tego ut. Causa ea exerci lobortis nutus pagus ullamcorper validus vero. Antehabeo iaceo luptatum modo nunc proprius ulciscor valde.

Quibus refero velit. Causa gemino imputo iriure sed ut utrum. Abigo autem populus. Dolore inhibeo jumentum macto neque. Lobortis neque pneum tamen. Eros hendrerit imputo melior ratis sed veniam. Adipiscing consequat imputo tincidunt. Conventio dolus fere imputo jugis qui quidem tum. Abico amet cui hos jumentum modo pagus premo probo valde.

Abluo blandit brevitas dolor ea fere immitto lenis roto sed. Aptent erat facilisis iriure laoreet loquor nostrud plaga ratis uxor. Ad amet hendrerit jumentum molior secundum vicis. Accumsan brevitas imputo nimis.

Et genitus neque praesent saepius ut uxor. Exerci natu quidne scisco vicis. Diam erat euismod olim quis. Abdo abluo augue hos iusto nobis vero. Huic humo imputo nulla quidem secundum sudo volutpat.

Capto commoveo ea in praesent probo ratis tum turpis veniam. Eros jus neo quia verto. Eum haero jumentum melior pagus usitas.

"
